{"filename": "pyntcloud_plot", "camera_position": [0.0, 10.374839782714844, 7.432660102844238], "look_at": [-2.078718423843384, 1.095724105834961, 0.22820131480693817], "point_size": 0.08146140098571777, "point_opacity": 0.9, "polylines_points": [], "polylines_colors": []}